category_slug,category_name,category_description,subcategory_slug,subcategory_name,subcategory_description,subject_slug,subject_name,subject_intro,subject_meta_title,subject_meta_description,subject_status,fact_key,label,value,unit,context,source_name,source_url,last_updated,review_frequency_days,jurisdiction_code,link_type,value_display,effective_from,tax_year,status
savings,Savings & Investments,"Tax-free savings allowances, ISAs and NS&I products, with the limits and rates that apply this tax year.",isas,,,cash-isa-allowance,,,ISA Allowance 2026/27: How Much You Can Save Tax-Free,"The £20,000 ISA allowance for 2026/27, how it's shared across ISA types, and the £12,000 cash ISA limit for under-65s from April 2027.",,isa_allowance,Annual ISA allowance,20000,£,"The total you can pay into all your ISAs each tax year. From 6 April 2027, under-65s will be able to put no more than £12,000 of it into cash ISAs; the full £20,000 stays available for stocks and shares ISAs.",GOV.UK — HMRC,https://www.gov.uk/government/publications/tax-free-savings-newsletter-19/tax-free-savings-newsletter-19-november-2025,2026-09-30,180,GB,,,,2026/27,published
savings,,,isas,,,junior-isa-allowance,,,Junior ISA Allowance 2026/27,"The Junior ISA allowance for 2026/27 is £9,000 per child, separate from the adult ISA allowance, with money locked in until the child turns 18.",,jisa_annual_allowance,Junior ISA annual allowance,9000,£,The most that can be paid into a child's Junior ISA each tax year. It doesn't count towards the parent's own ISA allowance.,GOV.UK — HMRC,https://www.gov.uk/government/publications/tax-free-savings-newsletter-19/tax-free-savings-newsletter-19-november-2025,2026-09-30,180,GB,,,,2026/27,published
savings,,,isas,,,lifetime-isa,Lifetime ISA Rules and Limits,"The Lifetime ISA adds a 25% government bonus to savings for a first home or later life. These are the limits, the age rules and the penalty for other withdrawals.","Lifetime ISA 2026/27: Limits, Bonus and Rules","Lifetime ISA rules for 2026/27: save up to £4,000 a year for a 25% bonus of up to £1,000, for a first home up to £450,000 or from age 60.",,lisa_annual_limit,Annual Lifetime ISA limit,4000,£,"Counts towards the overall £20,000 ISA allowance.",GOV.UK — HMRC,https://www.gov.uk/lifetime-isa,2026-09-30,180,GB,,,,2026/27,published
savings,,,isas,,,lifetime-isa,,,,,,lisa_bonus_rate,Government bonus,25,%,"Added to the money you pay in, not to interest or investment growth.",GOV.UK — HMRC,https://www.gov.uk/lifetime-isa,2026-09-30,180,GB,,,,2026/27,published
savings,,,isas,,,lifetime-isa,,,,,,lisa_max_bonus,Maximum bonus per year,1000,£,,GOV.UK — HMRC,https://www.gov.uk/lifetime-isa,2026-09-30,180,GB,,,,2026/27,published
savings,,,isas,,,lifetime-isa,,,,,,lisa_opening_age_limit,Must open before age,40,years,You must be 18 or over and under 40 to open a Lifetime ISA.,GOV.UK — HMRC,https://www.gov.uk/lifetime-isa,2026-09-30,180,GB,,,,2026/27,published
savings,,,isas,,,lifetime-isa,,,,,,lisa_contribution_end_age,Payments and bonus stop at age,50,years,The account stays open after 50 and keeps earning interest or investment returns.,GOV.UK — HMRC,https://www.gov.uk/lifetime-isa,2026-09-30,180,GB,,,,2026/27,published
savings,,,isas,,,lifetime-isa,,,,,,lisa_property_price_limit,First-home price limit,450000,£,"The home must cost this or less, be bought with a mortgage, and be bought at least 12 months after your first payment in.",GOV.UK — HMRC,https://www.gov.uk/lifetime-isa/withdrawing-money-from-your-lifetime-isa,2026-09-30,180,GB,,,,2026/27,published
savings,,,isas,,,lifetime-isa,,,,,,lisa_withdrawal_charge,Charge on other withdrawals,25,%,"Applies to withdrawals for any reason other than a first home, reaching 60, or terminal illness, and can leave you with less than you paid in.",GOV.UK — HMRC,https://www.gov.uk/lifetime-isa/withdrawing-money-from-your-lifetime-isa,2026-09-30,180,GB,,,,2026/27,published
savings,,,isas,,,lifetime-isa,,,,,,lisa_penalty_free_age,Penalty-free withdrawals from age,60,years,,GOV.UK — HMRC,https://www.gov.uk/lifetime-isa/withdrawing-money-from-your-lifetime-isa,2026-09-30,180,GB,,,,2026/27,published
savings,,,isas,,,lifetime-isa,,,,,,isa_allowance,,,,"The Lifetime ISA's £4,000 limit sits inside this overall allowance.",,,,,GB,also,,,,
savings,,,savings-tax,Savings Tax,"How much savings interest you can earn tax-free, and the allowances that decide it.",personal-savings-allowance,Personal Savings Allowance and Starting Rate,"How much interest on savings outside an ISA you can earn before paying tax, depending on your tax band and other income.",Personal Savings Allowance 2026/27,"Tax-free savings interest for 2026/27: £1,000 for basic rate, £500 for higher rate, £0 for additional rate, plus the £5,000 starting rate for savings.",,psa_basic_rate,Personal Savings Allowance: basic rate taxpayers,1000,£,Interest up to this amount each tax year is tax-free.,GOV.UK — HMRC,https://www.gov.uk/apply-tax-free-interest-on-savings,2026-09-30,180,GB,,,,2026/27,published
savings,,,savings-tax,,,personal-savings-allowance,,,,,,psa_higher_rate,Personal Savings Allowance: higher rate taxpayers,500,£,,GOV.UK — HMRC,https://www.gov.uk/apply-tax-free-interest-on-savings,2026-09-30,180,GB,,,,2026/27,published
savings,,,savings-tax,,,personal-savings-allowance,,,,,,psa_additional_rate,Personal Savings Allowance: additional rate taxpayers,0,£,Additional rate taxpayers pay tax on all savings interest outside tax-free accounts.,GOV.UK — HMRC,https://www.gov.uk/apply-tax-free-interest-on-savings,2026-09-30,180,GB,,,,2026/27,published
savings,,,savings-tax,,,personal-savings-allowance,,,,,,starting_rate_savings_band,Starting rate for savings (maximum),5000,£,Extra tax-free interest for people with low other income. Every £1 of other income above the Personal Allowance reduces it by £1.,GOV.UK — HMRC,https://www.gov.uk/apply-tax-free-interest-on-savings,2026-09-30,180,GB,,,,2026/27,published
savings,,,savings-tax,,,personal-savings-allowance,,,,,,starting_rate_income_limit,Starting rate ends when other income reaches,17570,£,"Other income means wages, pensions and similar, not the savings interest itself.",GOV.UK — HMRC,https://www.gov.uk/apply-tax-free-interest-on-savings,2026-09-30,180,GB,,,,2026/27,published
savings,,,savings-tax,,,personal-savings-allowance,,,,,,personal_allowance,,,,Savings interest is also covered by any unused Personal Allowance.,,,,,GB,also,,,,
savings,,,nsandi,NS&I,"Savings products from National Savings and Investments, backed by HM Treasury.",premium-bonds,Premium Bonds Prize Rate and Odds,"Premium Bonds pay tax-free prizes from a monthly draw instead of interest. These are the current prize fund rate, odds and holding limits.",Premium Bonds: Current Prize Fund Rate and Odds,"The current Premium Bonds prize fund rate, the odds of each £1 Bond winning, and the prize and holding limits, from NS&I.",,premium_bonds_prize_fund_rate,Annual prize fund rate,4.35,%,"Variable. It sets the total paid out in prizes, not what each holder earns; most holders receive less than this rate.",NS&I,https://www.nsandi.com/products/premium-bonds,2026-09-30,30,GB,,,2026-09-01,,published
savings,,,nsandi,,,premium-bonds,,,,,,premium_bonds_odds,Odds of each £1 Bond winning a prize each month,21000,to 1,,NS&I,https://www.nsandi.com/about-us/press-releases/2026/september-premium-bonds-two-millionaires-norwich-and-london,2026-09-30,30,GB,,,2026-09-01,,published
savings,,,nsandi,,,premium-bonds,,,,,,premium_bonds_max_holding,Maximum holding,50000,£,,NS&I,https://www.nsandi.com/products/premium-bonds,2026-09-30,90,GB,,,,,published
savings,,,nsandi,,,premium-bonds,,,,,,premium_bonds_top_prize,Top monthly prize,1000000,£,Prizes are tax-free.,NS&I,https://www.nsandi.com/about-us/press-releases/2026/september-premium-bonds-two-millionaires-norwich-and-london,2026-09-30,90,GB,,,,,published
savings,,,nsandi,,,premium-bonds,,,,,,premium_bonds_smallest_prize,Smallest prize,25,£,,NS&I,https://www.nsandi.com/about-us/press-releases/2026/september-premium-bonds-two-millionaires-norwich-and-london,2026-09-30,90,GB,,,,,published
