category_slug,category_name,category_description,subcategory_slug,subcategory_name,subcategory_description,subject_slug,subject_name,subject_intro,subject_meta_title,subject_meta_description,fact_key,label,value,unit,context,source_name,source_url,last_updated,review_frequency_days,jurisdiction_code,link_type,value_display,effective_from,previous_value,tax_year,status
tax,,,income-tax,,,income-tax-personal-allowance,,,Personal Allowance 2026/27: How Much You Can Earn Tax-Free,"The UK Personal Allowance for 2026/27, when it starts to shrink above £100,000, and the income at which it disappears completely.",personal_allowance,Standard Personal Allowance,12570,£,"The amount of income most people can receive each tax year before paying any Income Tax. It applies across the whole UK, including Scotland.",GOV.UK — HMRC,https://www.gov.uk/income-tax-rates,2026-09-28,180,GB,,,,,2026/27,published
tax,,,income-tax,,,income-tax-personal-allowance,,,,,pa_taper_threshold,Allowance starts to reduce above,100000,£,"For every £2 of adjusted net income above this, the Personal Allowance falls by £1.",GOV.UK — HMRC,https://www.gov.uk/income-tax-rates,2026-09-28,180,GB,,,,,2026/27,published
tax,,,income-tax,,,income-tax-personal-allowance,,,,,pa_zero_income,Allowance is lost completely at,125140,£,"At this level of adjusted net income the taper has removed the whole allowance, so all income is taxable.",GOV.UK — HMRC,https://www.gov.uk/income-tax-rates,2026-09-28,180,GB,,,,,2026/27,published
tax,,,income-tax,,,income-tax-rates-and-bands,"Income Tax Rates and Bands (England, Wales and NI)","The Income Tax rates paid on earnings, pensions and other non-savings income outside Scotland, and the income levels where each rate starts.","Income Tax Rates and Bands 2026/27 (England, Wales and NI)","Current UK Income Tax rates: 20% basic, 40% higher and 45% additional, with the income thresholds for each band in 2026/27.",income_tax_basic_rate,Basic rate,20,%,"Paid on taxable income above the Personal Allowance, up to the higher rate threshold.",GOV.UK — HMRC,https://www.gov.uk/income-tax-rates,2026-09-28,180,GB,,,,,2026/27,published
tax,,,income-tax,,,income-tax-rates-and-bands,,,,,higher_rate_threshold,Higher rate starts above,50270,£,"Income above this level is taxed at the higher rate, assuming the standard Personal Allowance.",GOV.UK — HMRC,https://www.gov.uk/income-tax-rates,2026-09-28,180,GB,,,,,2026/27,published
tax,,,income-tax,,,income-tax-rates-and-bands,,,,,income_tax_higher_rate,Higher rate,40,%,Paid on income between the higher rate threshold and the additional rate threshold.,GOV.UK — HMRC,https://www.gov.uk/income-tax-rates,2026-09-28,180,GB,,,,,2026/27,published
tax,,,income-tax,,,income-tax-rates-and-bands,,,,,additional_rate_threshold,Additional rate starts above,125140,£,Income above this level is taxed at the additional rate. By this point the Personal Allowance has been fully withdrawn.,GOV.UK — HMRC,https://www.gov.uk/income-tax-rates,2026-09-28,180,GB,,,,,2026/27,published
tax,,,income-tax,,,income-tax-rates-and-bands,,,,,income_tax_additional_rate,Additional rate,45,%,The top rate of Income Tax outside Scotland.,GOV.UK — HMRC,https://www.gov.uk/income-tax-rates,2026-09-28,180,GB,,,,,2026/27,published
tax,,,income-tax,,,income-tax-rates-and-bands,,,,,personal_allowance,,,,Income up to this amount is taxed at 0% before the basic rate applies.,,,,,GB,also,,,,,
tax,,,income-tax,,,scottish-income-tax-rates,Scottish Income Tax Rates and Bands,"Scotland sets its own Income Tax rates and bands on earnings, pensions and other non-savings income, with six bands instead of three.",Scottish Income Tax Rates and Bands 2026/27,"All six Scottish Income Tax rates for 2026/27, from the 19% starter rate to the 48% top rate, and the income level where each band begins.",sct_starter_rate,Starter rate,19,%,"Paid on the first slice of income above the Personal Allowance, up to £16,537.",Scottish Government,https://www.gov.scot/publications/scottish-income-tax-rates-and-bands/pages/2026-to-2027/,2026-09-28,180,GB-SCT,,,,,2026/27,published
tax,,,income-tax,,,scottish-income-tax-rates,,,,,sct_basic_rate_threshold,Basic rate starts at,16538,£,"Gross income, assuming the standard Personal Allowance. Raised for 2026/27.",Scottish Government,https://www.gov.scot/publications/scottish-income-tax-rates-and-bands/pages/2026-to-2027/,2026-09-28,180,GB-SCT,,,2026-04-06,,2026/27,published
tax,,,income-tax,,,scottish-income-tax-rates,,,,,sct_basic_rate,Basic rate,20,%,"Paid on income from the basic rate threshold up to £29,526.",Scottish Government,https://www.gov.scot/publications/scottish-income-tax-rates-and-bands/pages/2026-to-2027/,2026-09-28,180,GB-SCT,,,,,2026/27,published
tax,,,income-tax,,,scottish-income-tax-rates,,,,,sct_intermediate_rate_threshold,Intermediate rate starts at,29527,£,"Gross income, assuming the standard Personal Allowance. Raised for 2026/27.",Scottish Government,https://www.gov.scot/publications/scottish-income-tax-rates-and-bands/pages/2026-to-2027/,2026-09-28,180,GB-SCT,,,2026-04-06,27492,2026/27,published
tax,,,income-tax,,,scottish-income-tax-rates,,,,,sct_intermediate_rate,Intermediate rate,21,%,"Paid on income from the intermediate rate threshold up to £43,662.",Scottish Government,https://www.gov.scot/publications/scottish-income-tax-rates-and-bands/pages/2026-to-2027/,2026-09-28,180,GB-SCT,,,,,2026/27,published
tax,,,income-tax,,,scottish-income-tax-rates,,,,,sct_higher_rate_threshold,Higher rate starts at,43663,£,"Gross income, assuming the standard Personal Allowance.",Scottish Government,https://www.gov.scot/publications/scottish-income-tax-rates-and-bands/pages/2026-to-2027/,2026-09-28,180,GB-SCT,,,,,2026/27,published
tax,,,income-tax,,,scottish-income-tax-rates,,,,,sct_higher_rate,Higher rate,42,%,"Paid on income from the higher rate threshold up to £75,000.",Scottish Government,https://www.gov.scot/publications/scottish-income-tax-rates-and-bands/pages/2026-to-2027/,2026-09-28,180,GB-SCT,,,,,2026/27,published
tax,,,income-tax,,,scottish-income-tax-rates,,,,,sct_advanced_rate_threshold,Advanced rate starts at,75001,£,"Gross income, assuming the standard Personal Allowance.",Scottish Government,https://www.gov.scot/publications/scottish-income-tax-rates-and-bands/pages/2026-to-2027/,2026-09-28,180,GB-SCT,,,,,2026/27,published
tax,,,income-tax,,,scottish-income-tax-rates,,,,,sct_advanced_rate,Advanced rate,45,%,"Paid on income from the advanced rate threshold up to £125,140.",Scottish Government,https://www.gov.scot/publications/scottish-income-tax-rates-and-bands/pages/2026-to-2027/,2026-09-28,180,GB-SCT,,,,,2026/27,published
tax,,,income-tax,,,scottish-income-tax-rates,,,,,sct_top_rate_threshold,Top rate applies over,125140,£,The same level at which the Personal Allowance is fully withdrawn.,Scottish Government,https://www.gov.scot/publications/scottish-income-tax-rates-and-bands/pages/2026-to-2027/,2026-09-28,180,GB-SCT,,,,,2026/27,published
tax,,,income-tax,,,scottish-income-tax-rates,,,,,sct_top_rate,Top rate,48,%,The highest rate of Scottish Income Tax.,Scottish Government,https://www.gov.scot/publications/scottish-income-tax-rates-and-bands/pages/2026-to-2027/,2026-09-28,180,GB-SCT,,,,,2026/27,published
tax,,,income-tax,,,scottish-income-tax-rates,,,,,personal_allowance,,,,Scottish taxpayers get the same UK-wide Personal Allowance before the starter rate applies.,,,,,GB-SCT,also,,,,,
tax,,,national-insurance,National Insurance,"National Insurance rates and thresholds for employees, employers and the self-employed.",employee-national-insurance,Employee and Employer National Insurance,"What employees pay in Class 1 National Insurance on their wages, the thresholds where it starts and falls, and what employers pay on top.",Employee National Insurance Rates 2026/27,"Class 1 National Insurance for 2026/27: 8% for employees between £12,570 and £50,270, 2% above, and 15% for employers above £5,000.",ni_employee_main_rate,Employee main rate,8,%,"Paid on earnings between the Primary Threshold and the Upper Earnings Limit, for most employees (category A).",GOV.UK — HMRC,https://www.gov.uk/national-insurance-rates-letters,2026-09-28,180,GB,,,,,2026/27,published
tax,,,national-insurance,,,employee-national-insurance,,,,,ni_primary_threshold,Primary Threshold (yearly),12570,£,Employees pay no National Insurance on earnings up to this level. The weekly equivalent is £242.,GOV.UK — HMRC,https://www.gov.uk/guidance/rates-and-thresholds-for-employers-2026-to-2027,2026-09-28,180,GB,,,,,2026/27,published
tax,,,national-insurance,,,employee-national-insurance,,,,,ni_upper_earnings_limit,Upper Earnings Limit (yearly),50270,£,"Above this, the employee rate drops to 2%. The weekly equivalent is £967.",GOV.UK — HMRC,https://www.gov.uk/guidance/rates-and-thresholds-for-employers-2026-to-2027,2026-09-28,180,GB,,,,,2026/27,published
tax,,,national-insurance,,,employee-national-insurance,,,,,ni_employee_upper_rate,Employee rate above the Upper Earnings Limit,2,%,,GOV.UK — HMRC,https://www.gov.uk/national-insurance-rates-letters,2026-09-28,180,GB,,,,,2026/27,published
tax,,,national-insurance,,,employee-national-insurance,,,,,ni_lower_earnings_limit,Lower Earnings Limit (weekly),129,£,"Earning at least this much a week builds entitlement to the State Pension and some benefits, even though no National Insurance is paid until the Primary Threshold.",GOV.UK — HMRC,https://www.gov.uk/national-insurance-rates-letters,2026-09-28,180,GB,,,,,2026/27,published
tax,,,national-insurance,,,employee-national-insurance,,,,,ni_employer_rate,Employer rate,15,%,"Paid by employers on earnings above the Secondary Threshold, with no upper limit.",GOV.UK — HMRC,https://www.gov.uk/national-insurance-rates-letters,2026-09-28,180,GB,,,,,2026/27,published
tax,,,national-insurance,,,employee-national-insurance,,,,,ni_secondary_threshold,Secondary Threshold (yearly),5000,£,Employers start paying National Insurance on an employee's earnings above this level. The weekly equivalent is £96.,GOV.UK — HMRC,https://www.gov.uk/guidance/rates-and-thresholds-for-employers-2026-to-2027,2026-09-28,180,GB,,,,,2026/27,published
tax,,,national-insurance,,,self-employed-national-insurance,Self-Employed National Insurance,"Class 4 National Insurance on self-employed profits, and when voluntary Class 2 contributions are worth paying to protect your State Pension record.",Self-Employed National Insurance Rates 2026/27,"Class 4 National Insurance for 2026/27: 6% on profits between £12,570 and £50,270, 2% above, plus the Class 2 thresholds and voluntary rate.",ni_class4_main_rate,Class 4 main rate,6,%,Paid through Self Assessment on profits between the Lower and Upper Profits Limits.,GOV.UK — HMRC,https://www.gov.uk/self-employed-national-insurance-rates,2026-09-28,180,GB,,,,,2026/27,published
tax,,,national-insurance,,,self-employed-national-insurance,,,,,ni_lower_profits_limit,Lower Profits Limit,12570,£,No Class 4 National Insurance is due on profits up to this level.,GOV.UK — HMRC,https://www.gov.uk/self-employed-national-insurance-rates,2026-09-28,180,GB,,,,,2026/27,published
tax,,,national-insurance,,,self-employed-national-insurance,,,,,ni_upper_profits_limit,Upper Profits Limit,50270,£,"Above this, the Class 4 rate drops to 2%.",GOV.UK — HMRC,https://www.gov.uk/self-employed-national-insurance-rates,2026-09-28,180,GB,,,,,2026/27,published
tax,,,national-insurance,,,self-employed-national-insurance,,,,,ni_class4_upper_rate,Class 4 rate above the Upper Profits Limit,2,%,,GOV.UK — HMRC,https://www.gov.uk/self-employed-national-insurance-rates,2026-09-28,180,GB,,,,,2026/27,published
tax,,,national-insurance,,,self-employed-national-insurance,,,,,ni_small_profits_threshold,Small Profits Threshold,7105,£,"With profits at or above this level, Class 2 contributions are treated as paid, so the year counts towards the State Pension at no cost.",GOV.UK — HMRC,https://www.gov.uk/self-employed-national-insurance-rates,2026-09-28,180,GB,,,2026-04-06,6845,2026/27,published
tax,,,national-insurance,,,self-employed-national-insurance,,,,,ni_class2_voluntary_rate,Voluntary Class 2 rate (weekly),3.65,£,Optional for those with profits below the Small Profits Threshold who want to protect their National Insurance record.,GOV.UK — HMRC,https://www.gov.uk/self-employed-national-insurance-rates,2026-09-28,180,GB,,,2026-04-06,3.50,2026/27,published
tax,,,investment-taxes,Investment Taxes,Capital Gains Tax and dividend tax rates and allowances for individual investors.,capital-gains-tax-rates,Capital Gains Tax Rates and Allowance,"The tax-free allowance for capital gains and the rates paid on gains above it, including Business Asset Disposal Relief.",Capital Gains Tax Rates and Allowance 2026/27,"Capital Gains Tax for 2026/27: the £3,000 annual exempt amount, 18% and 24% rates, and the 18% Business Asset Disposal Relief rate.",cgt_annual_exempt_amount,Annual tax-free allowance,3000,£,Gains up to this amount in a tax year are free of Capital Gains Tax for individuals.,GOV.UK — HMRC,https://www.gov.uk/capital-gains-tax/rates,2026-09-28,180,GB,,,,,2026/27,published
tax,,,investment-taxes,,,capital-gains-tax-rates,,,,,cgt_basic_rate,Rate within the basic rate band,18,%,Applies to the part of a gain that fits within any unused basic rate band once income is taken into account. The same rate applies to residential property and other assets.,GOV.UK — HMRC,https://www.gov.uk/capital-gains-tax/rates,2026-09-28,180,GB,,,,,2026/27,published
tax,,,investment-taxes,,,capital-gains-tax-rates,,,,,cgt_higher_rate,Rate above the basic rate band,24,%,"Applies to gains above the basic rate band, and to all gains for higher and additional rate taxpayers.",GOV.UK — HMRC,https://www.gov.uk/capital-gains-tax/rates,2026-09-28,180,GB,,,,,2026/27,published
tax,,,investment-taxes,,,capital-gains-tax-rates,,,,,cgt_badr_rate,Business Asset Disposal Relief rate,18,%,The rate on qualifying gains when selling all or part of a business. It rose from 14% on 6 April 2026.,GOV.UK — HMRC,https://www.gov.uk/capital-gains-tax/rates,2026-09-28,180,GB,,,2026-04-06,14,2026/27,published
tax,,,investment-taxes,,,capital-gains-tax-rates,,,,,cgt_badr_lifetime_limit,Business Asset Disposal Relief lifetime limit,1000000,£,The total qualifying gains that can benefit from the relief over a lifetime.,HMRC Capital Gains Manual,https://www.gov.uk/hmrc-internal-manuals/capital-gains-manual/cg64125,2026-09-28,180,GB,,,,,2026/27,published
tax,,,investment-taxes,,,dividend-tax-rates,Dividend Tax Rates and Allowance,"How much tax is paid on dividends from shares held outside an ISA, and the tax-free dividend allowance.",Dividend Tax Rates and Allowance 2026/27,"Dividend tax for 2026/27: the £500 dividend allowance and the 10.75%, 35.75% and 39.35% rates that apply above it.",dividend_allowance,Dividend allowance,500,£,"The first £500 of dividend income each tax year is tax-free, whatever your tax band. Dividends inside an ISA don't count.",GOV.UK — HMRC,https://www.gov.uk/tax-on-dividends,2026-09-28,180,GB,,,,,2026/27,published
tax,,,investment-taxes,,,dividend-tax-rates,,,,,dividend_basic_rate,Basic rate on dividends,10.75,%,Up from 8.75% on 6 April 2026. Scottish taxpayers use these UK dividend rates too.,GOV.UK — HMRC,https://www.gov.uk/tax-on-dividends,2026-09-28,180,GB,,,2026-04-06,8.75,2026/27,published
tax,,,investment-taxes,,,dividend-tax-rates,,,,,dividend_higher_rate,Higher rate on dividends,35.75,%,Up from 33.75% on 6 April 2026.,GOV.UK — HMRC,https://www.gov.uk/tax-on-dividends,2026-09-28,180,GB,,,2026-04-06,33.75,2026/27,published
tax,,,investment-taxes,,,dividend-tax-rates,,,,,dividend_additional_rate,Additional rate on dividends,39.35,%,Unchanged for 2026/27.,GOV.UK — HMRC,https://www.gov.uk/tax-on-dividends,2026-09-28,180,GB,,,,,2026/27,published
tax,,,inheritance-tax,Inheritance Tax,"Inheritance Tax thresholds, rates and allowances on estates.",inheritance-tax-thresholds,Inheritance Tax Thresholds and Rates,"How much an estate can pass on before Inheritance Tax is due, the extra allowance for passing on a home, and the rates charged above the thresholds.",Inheritance Tax Thresholds and Rates 2026/27,"UK Inheritance Tax: the £325,000 nil-rate band, the £175,000 residence nil-rate band, and the 40% rate, or 36% when leaving to charity.",iht_nil_rate_band,Nil-rate band,325000,£,Estates below this value normally pay no Inheritance Tax. Any unused amount can pass to a surviving spouse or civil partner.,GOV.UK — HMRC,https://www.gov.uk/inheritance-tax,2026-09-28,365,GB,,,,,2026/27,published
tax,,,inheritance-tax,,,inheritance-tax-thresholds,,,,,iht_residence_nil_rate_band,Residence nil-rate band,175000,£,"An extra allowance when a home is left to children or grandchildren, taking the potential tax-free amount to £500,000.",GOV.UK — HMRC,https://www.gov.uk/inheritance-tax,2026-09-28,365,GB,,,,,2026/27,published
tax,,,inheritance-tax,,,inheritance-tax-thresholds,,,,,iht_rnrb_taper_threshold,Residence allowance starts to reduce above,2000000,£,"For estates worth more than this, the residence nil-rate band falls by £1 for every £2 over.",HMRC,https://taxconfident.campaign.gov.uk/tax-in-retirement/understanding-inheritance-tax,2026-09-28,365,GB,,,,,2026/27,published
tax,,,inheritance-tax,,,inheritance-tax-thresholds,,,,,iht_rate,Standard rate,40,%,Charged on the part of the estate above the available thresholds.,GOV.UK — HMRC,https://www.gov.uk/inheritance-tax,2026-09-28,365,GB,,,,,2026/27,published
tax,,,inheritance-tax,,,inheritance-tax-thresholds,,,,,iht_charity_rate,Reduced rate when leaving to charity,36,%,Applies when at least 10% of the net estate is left to charity.,GOV.UK — HMRC,https://www.gov.uk/inheritance-tax,2026-09-28,365,GB,,,,,2026/27,published
tax,,,stamp-duty,,"Property purchase taxes across the UK: Stamp Duty Land Tax in England and Northern Ireland, LBTT in Scotland and LTT in Wales.",scottish-stamp-duty-lbtt,Scottish Stamp Duty (LBTT) Rates,"In Scotland, Land and Buildings Transaction Tax replaces Stamp Duty. These are the residential rates, first-time buyer relief and the supplement on additional homes.",Scottish Stamp Duty (LBTT) Rates 2026/27,"LBTT residential rates in Scotland: nil to £145,000 (£175,000 for first-time buyers), bands of 2% to 12%, and the 8% Additional Dwelling Supplement.",lbtt_nil_rate_threshold,Nil-rate threshold,145000,£,"No LBTT is due on the first £145,000 of a standard residential purchase.",Scottish Government,https://www.gov.scot/publications/scottish-budget-2026-2027-scottish-tax-ready-reckoners/pages/4/,2026-09-28,180,GB-SCT,,,,,2026/27,published
tax,,,stamp-duty,,,scottish-stamp-duty-lbtt,,,,,lbtt_band_2pct,"Rate on £145,001 to £250,000",2,%,Each rate applies only to the part of the price within that band.,Scottish Government,https://www.gov.scot/publications/scottish-budget-2026-2027-scottish-tax-ready-reckoners/pages/4/,2026-09-28,180,GB-SCT,,,,,2026/27,published
tax,,,stamp-duty,,,scottish-stamp-duty-lbtt,,,,,lbtt_band_5pct,"Rate on £250,001 to £325,000",5,%,,Scottish Government,https://www.gov.scot/publications/scottish-budget-2026-2027-scottish-tax-ready-reckoners/pages/4/,2026-09-28,180,GB-SCT,,,,,2026/27,published
tax,,,stamp-duty,,,scottish-stamp-duty-lbtt,,,,,lbtt_band_10pct,"Rate on £325,001 to £750,000",10,%,,Scottish Government,https://www.gov.scot/publications/scottish-budget-2026-2027-scottish-tax-ready-reckoners/pages/4/,2026-09-28,180,GB-SCT,,,,,2026/27,published
tax,,,stamp-duty,,,scottish-stamp-duty-lbtt,,,,,lbtt_band_12pct,"Rate above £750,000",12,%,,Scottish Government,https://www.gov.scot/publications/scottish-budget-2026-2027-scottish-tax-ready-reckoners/pages/4/,2026-09-28,180,GB-SCT,,,,,2026/27,published
tax,,,stamp-duty,,,scottish-stamp-duty-lbtt,,,,,lbtt_ftb_nil_rate_threshold,First-time buyer nil-rate threshold,175000,£,"First-time buyer relief raises the nil-rate band, saving up to £600.",Scottish Government,https://www.gov.scot/publications/scottish-budget-2026-2027-scottish-tax-ready-reckoners/pages/4/,2026-09-28,180,GB-SCT,,,,,2026/27,published
tax,,,stamp-duty,,,scottish-stamp-duty-lbtt,,,,,lbtt_ads_rate,Additional Dwelling Supplement,8,%,"Charged on the whole price, on top of LBTT, when buying an additional home such as a buy-to-let or second home.",Scottish Government,https://www.gov.scot/publications/scottish-budget-2026-2027-scottish-tax-ready-reckoners/pages/4/,2026-09-28,180,GB-SCT,,,2024-12-05,6,2026/27,published
tax,,,stamp-duty,,,scottish-stamp-duty-lbtt,,,,,sdlt_nil_rate_threshold,,,,For comparison: the equivalent nil-rate threshold for Stamp Duty in England and Northern Ireland.,,,,,GB-SCT,also,,,,,
tax,,,stamp-duty,,,welsh-stamp-duty-ltt,Welsh Stamp Duty (LTT) Rates,"In Wales, Land Transaction Tax replaces Stamp Duty. These are the main residential rates and the higher rates for buyers who already own a property.",Welsh Stamp Duty (LTT) Rates 2026/27,"LTT residential rates in Wales: nil to £225,000, main rates of 6% to 12%, and higher rates from 5% to 17% for additional properties.",ltt_nil_rate_threshold,Nil-rate threshold,225000,£,"No LTT is due on the first £225,000 of a main-rate residential purchase. Wales has no separate first-time buyer relief.",Welsh Revenue Authority,https://www.gov.wales/land-transaction-tax-rates-and-bands,2026-09-28,180,GB-WLS,,,,,2026/27,published
tax,,,stamp-duty,,,welsh-stamp-duty-ltt,,,,,ltt_band_6pct,"Rate on £225,001 to £400,000",6,%,Each rate applies only to the part of the price within that band.,Welsh Revenue Authority,https://www.gov.wales/land-transaction-tax-rates-and-bands,2026-09-28,180,GB-WLS,,,,,2026/27,published
tax,,,stamp-duty,,,welsh-stamp-duty-ltt,,,,,ltt_band_7_5pct,"Rate on £400,001 to £750,000",7.5,%,,Welsh Revenue Authority,https://www.gov.wales/land-transaction-tax-rates-and-bands,2026-09-28,180,GB-WLS,,,,,2026/27,published
tax,,,stamp-duty,,,welsh-stamp-duty-ltt,,,,,ltt_band_10pct,"Rate on £750,001 to £1.5m",10,%,,Welsh Revenue Authority,https://www.gov.wales/land-transaction-tax-rates-and-bands,2026-09-28,180,GB-WLS,,,,,2026/27,published
tax,,,stamp-duty,,,welsh-stamp-duty-ltt,,,,,ltt_band_12pct,Rate above £1.5m,12,%,,Welsh Revenue Authority,https://www.gov.wales/land-transaction-tax-rates-and-bands,2026-09-28,180,GB-WLS,,,,,2026/27,published
tax,,,stamp-duty,,,welsh-stamp-duty-ltt,,,,,ltt_higher_rate_first_band,"Higher rates: first £180,000",5,%,"Higher rates usually apply when buying a residential property worth £40,000 or more while already owning another.",Welsh Revenue Authority,https://www.gov.wales/land-transaction-tax-rates-and-bands,2026-09-28,180,GB-WLS,,,2024-12-11,,2026/27,published
tax,,,stamp-duty,,,welsh-stamp-duty-ltt,,,,,ltt_higher_rate_top_band,Higher rates: above £1.5m,17,%,"The top higher-rate band, rising in steps from 5% through 8.5%, 10%, 12.5% and 15%.",Welsh Revenue Authority,https://www.gov.wales/land-transaction-tax-rates-and-bands,2026-09-28,180,GB-WLS,,,2024-12-11,,2026/27,published
tax,,,stamp-duty,,,welsh-stamp-duty-ltt,,,,,sdlt_nil_rate_threshold,,,,For comparison: the equivalent nil-rate threshold for Stamp Duty in England and Northern Ireland.,,,,,GB-WLS,also,,,,,
tax,,,income-tax,,,income-tax-personal-allowance,,,,,higher_rate_threshold,,,,,,,,,,unlink,,,,,
