category_slug,category_name,category_description,subcategory_slug,subcategory_name,subcategory_description,subject_slug,subject_name,subject_intro,subject_meta_title,subject_meta_description,subject_status,fact_key,label,value,unit,context,source_name,source_url,last_updated,review_frequency_days,jurisdiction_code,link_type,value_display,effective_from,previous_value,tax_year,status
work-benefits,Work & Benefits,"Minimum pay, statutory sick and family pay, student loan repayments and Child Benefit.",pay,Pay,"The legal minimum rates of pay, and statutory pay during sickness and family leave.",minimum-wage-rates,National Minimum Wage and National Living Wage,"The legal minimum hourly pay by age and for apprentices, from 1 April 2026.",Minimum Wage Rates 2026: National Living Wage £12.71,"UK minimum wage from April 2026: £12.71 an hour at 21 and over, £10.85 at 18 to 20, and £8 for under-18s and apprentices.",,nlw_21_and_over,National Living Wage (21 and over),12.71,£,Per hour.,GOV.UK,https://www.gov.uk/national-minimum-wage-rates,2026-09-30,180,GB,,,2026-04-01,12.21,2026/27,published
work-benefits,,,pay,,,minimum-wage-rates,,,,,,nmw_18_to_20,"Minimum wage, age 18 to 20",10.85,£,Per hour.,GOV.UK,https://www.gov.uk/national-minimum-wage-rates,2026-09-30,180,GB,,,2026-04-01,10.00,2026/27,published
work-benefits,,,pay,,,minimum-wage-rates,,,,,,nmw_under_18,"Minimum wage, under 18",8.00,£,"Per hour, for workers above school leaving age.",GOV.UK,https://www.gov.uk/national-minimum-wage-rates,2026-09-30,180,GB,,,2026-04-01,7.55,2026/27,published
work-benefits,,,pay,,,minimum-wage-rates,,,,,,nmw_apprentice,Apprentice rate,8.00,£,"Per hour, for apprentices under 19, or 19 and over in the first year of their apprenticeship. Other apprentices get the rate for their age.",GOV.UK,https://www.gov.uk/national-minimum-wage-rates,2026-09-30,180,GB,,,2026-04-01,7.55,2026/27,published
work-benefits,,,pay,,,statutory-sick-pay,Statutory Sick Pay,"The minimum employers must pay staff who are off sick. Since April 2026 it is paid from the first day of sickness, with no minimum earnings test.",Statutory Sick Pay 2026/27: Rate and New Rules,"Statutory Sick Pay for 2026/27 is £123.25 a week or 80% of average weekly earnings if lower, paid from day one of sickness for up to 28 weeks.",,ssp_weekly_rate,Statutory Sick Pay (weekly maximum),123.25,£,"Employees get this or 80% of their average weekly earnings, whichever is lower. Paid from the first day of sickness since 6 April 2026, when the three unpaid waiting days and the minimum earnings test were abolished.",GOV.UK — DWP,https://www.gov.uk/statutory-sick-pay,2026-09-30,180,GB,,,2026-04-06,118.75,2026/27,published
work-benefits,,,pay,,,statutory-sick-pay,,,,,,ssp_earnings_percentage,Rate for lower earners,80,%,"Of average weekly earnings, if that comes to less than the weekly maximum.",GOV.UK — DWP,https://www.gov.uk/statutory-sick-pay,2026-09-30,180,GB,,,2026-04-06,,2026/27,published
work-benefits,,,pay,,,statutory-sick-pay,,,,,,ssp_max_weeks,Maximum length,28,weeks,,GOV.UK — DWP,https://www.gov.uk/statutory-sick-pay,2026-09-30,180,GB,,,,,2026/27,published
work-benefits,,,pay,,,statutory-maternity-paternity-pay,Statutory Maternity and Paternity Pay,"The minimum pay for employees on maternity or paternity leave in 2026/27, and how long it lasts.",Statutory Maternity and Paternity Pay 2026/27,"Statutory Maternity Pay is 90% of earnings for 6 weeks, then £194.32 a week or 90% if lower for 33 weeks. Paternity Pay is £194.32 or 90% if lower.",,smp_first_six_weeks,"Maternity Pay, first 6 weeks",90,%,"Of average weekly earnings before tax, with no upper limit.",GOV.UK,https://www.gov.uk/maternity-pay-leave/pay,2026-09-30,180,GB,,,,,2026/27,published
work-benefits,,,pay,,,statutory-maternity-paternity-pay,,,,,,smp_weekly_rate,"Maternity Pay, weeks 7 to 39 (weekly)",194.32,£,Or 90% of average weekly earnings if that is lower.,GOV.UK,https://www.gov.uk/maternity-pay-leave/pay,2026-09-30,180,GB,,,2026-04-05,187.18,2026/27,published
work-benefits,,,pay,,,statutory-maternity-paternity-pay,,,,,,smp_max_weeks,Maternity Pay length,39,weeks,,GOV.UK,https://www.gov.uk/maternity-pay-leave/pay,2026-09-30,180,GB,,,,,2026/27,published
work-benefits,,,pay,,,statutory-maternity-paternity-pay,,,,,,spp_weekly_rate,Paternity Pay (weekly),194.32,£,"Or 90% of average weekly earnings if that is lower, for one or two weeks.",GOV.UK,https://www.gov.uk/paternity-pay-leave/pay,2026-09-30,180,GB,,,2026-04-05,187.18,2026/27,published
work-benefits,,,pay,,,statutory-maternity-paternity-pay,,,,,,ni_lower_earnings_limit,,,,Employees usually need average earnings of at least this much a week to qualify for Statutory Maternity and Paternity Pay.,,,,,GB,also,,,,,
work-benefits,,,student-loans,Student Loans,When student loan repayments start and how much is taken from pay.,student-loan-repayment-thresholds,Student Loan Repayment Thresholds,Student loan repayments start once income passes the threshold for your plan. These are the thresholds and repayment rates for 2026/27.,Student Loan Repayment Thresholds 2026/27,"Student loan thresholds for 2026/27: Plan 1 £26,900, Plan 2 £29,385, Plan 4 £33,795, Plan 5 £25,000 and Postgraduate £21,000.",,sl_plan1_threshold,Plan 1 threshold (yearly),26900,£,"Older loans, including English and Welsh courses started before September 2012 and Northern Ireland loans.",GOV.UK — Student Loans Company,https://www.gov.uk/repaying-your-student-loan/what-you-pay,2026-09-30,180,GB,,,2026-04-06,26065,2026/27,published
work-benefits,,,student-loans,,,student-loan-repayment-thresholds,,,,,,sl_plan2_threshold,Plan 2 threshold (yearly),29385,£,English and Welsh courses started between September 2012 and July 2023. The government has said this threshold will be frozen from April 2027.,GOV.UK — Student Loans Company,https://www.gov.uk/repaying-your-student-loan/what-you-pay,2026-09-30,180,GB,,,2026-04-06,28470,2026/27,published
work-benefits,,,student-loans,,,student-loan-repayment-thresholds,,,,,,sl_plan4_threshold,Plan 4 threshold (yearly),33795,£,Scottish student loans.,GOV.UK — Student Loans Company,https://www.gov.uk/repaying-your-student-loan/what-you-pay,2026-09-30,180,GB-SCT,,,2026-04-06,32745,2026/27,published
work-benefits,,,student-loans,,,student-loan-repayment-thresholds,,,,,,sl_plan5_threshold,Plan 5 threshold (yearly),25000,£,English courses started from August 2023. Repayments began in April 2026.,GOV.UK — Student Loans Company,https://www.gov.uk/repaying-your-student-loan/what-you-pay,2026-09-30,180,GB,,,2026-04-06,,2026/27,published
work-benefits,,,student-loans,,,student-loan-repayment-thresholds,,,,,,sl_postgraduate_threshold,Postgraduate loan threshold (yearly),21000,£,,GOV.UK — Student Loans Company,https://www.gov.uk/repaying-your-student-loan/what-you-pay,2026-09-30,180,GB,,,,,2026/27,published
work-benefits,,,student-loans,,,student-loan-repayment-thresholds,,,,,,sl_undergraduate_rate,"Repayment rate (Plans 1, 2, 4 and 5)",9,%,Of income above the threshold.,GOV.UK — Student Loans Company,https://www.gov.uk/repaying-your-student-loan/what-you-pay,2026-09-30,180,GB,,,,,2026/27,published
work-benefits,,,student-loans,,,student-loan-repayment-thresholds,,,,,,sl_postgraduate_rate,Repayment rate (Postgraduate),6,%,"Of income above the threshold, and paid on top of any undergraduate repayments.",GOV.UK — Student Loans Company,https://www.gov.uk/repaying-your-student-loan/what-you-pay,2026-09-30,180,GB,,,,,2026/27,published
work-benefits,,,family,Family,Payments and tax rules for families with children.,child-benefit,Child Benefit Rates and the High Income Charge,"How much Child Benefit pays each week in 2026/27, and when higher earners start paying it back through the High Income Child Benefit Charge.",Child Benefit 2026/27: Weekly Rates and High Income Charge,"Child Benefit for 2026/27 is £27.05 a week for the eldest child and £17.90 for each other child, clawed back from incomes between £60,000 and £80,000.",,child_benefit_eldest,Eldest or only child (weekly),27.05,£,There is no limit on the number of children you can claim for.,GOV.UK — HMRC,https://www.gov.uk/child-benefit/what-youll-get,2026-09-30,180,GB,,,2026-04-06,26.05,2026/27,published
work-benefits,,,family,,,child-benefit,,,,,,child_benefit_additional,Each additional child (weekly),17.90,£,,GOV.UK — HMRC,https://www.gov.uk/child-benefit/what-youll-get,2026-09-30,180,GB,,,2026-04-06,17.25,2026/27,published
work-benefits,,,family,,,child-benefit,,,,,,hicbc_start,High Income Child Benefit Charge starts above,60000,£,Based on the adjusted net income of the higher earner in the household. The charge is 1% of the benefit for every £200 of income above this.,GOV.UK — HMRC,https://www.gov.uk/child-benefit-tax-charge,2026-09-30,180,GB,,,,,2026/27,published
work-benefits,,,family,,,child-benefit,,,,,,hicbc_full,Child Benefit fully repaid at,80000,£,"It can still be worth claiming, since the claim gives the carer National Insurance credits towards the State Pension.",GOV.UK — HMRC,https://www.gov.uk/child-benefit-tax-charge,2026-09-30,180,GB,,,,,2026/27,published
